date,mmm_yy,week_no
01-03-2022,Mar_22,W 10
02-03-2022,Mar_22,W 10
06-03-2022,Mar_22,W 11
09-03-2022,Mar_22,W 11
10-03-2022,Mar_22,W 11
11-03-2022,Mar_22,W 11
13-03-2022,Mar_22,W 12
18-03-2022,Mar_22,W 12
19-03-2022,Mar_22,W 12
21-03-2022,Mar_22,W 13
22-03-2022,Mar_22,W 13
26-03-2022,Mar_22,W 13
28-03-2022,Mar_22,W 14
31-03-2022,Mar_22,W 14
01-04-2022,Apr_22,W 14
03-04-2022,Apr_22,W 15
06-04-2022,Apr_22,W 15
08-04-2022,Apr_22,W 15
11-04-2022,Apr_22,W 16
12-04-2022,Apr_22,W 16
23-04-2022,Apr_22,W 17
27-04-2022,Apr_22,W 18
30-04-2022,Apr_22,W 18
09-05-2022,May_22,W 20
11-05-2022,May_22,W 20
13-05-2022,May_22,W 20
19-05-2022,May_22,W 21
20-05-2022,May_22,W 21
21-05-2022,May_22,W 21
30-05-2022,May_22,W 23
03-06-2022,Jun_22,W 23
05-06-2022,Jun_22,W 24
08-06-2022,Jun_22,W 24
11-06-2022,Jun_22,W 24
13-06-2022,Jun_22,W 25
16-06-2022,Jun_22,W 25
19-06-2022,Jun_22,W 26
25-06-2022,Jun_22,W 26
26-06-2022,Jun_22,W 27
27-06-2022,Jun_22,W 27
30-06-2022,Jun_22,W 27
03-07-2022,Jul_22,W 28
08-07-2022,Jul_22,W 28
09-07-2022,Jul_22,W 28
11-07-2022,Jul_22,W 29
13-07-2022,Jul_22,W 29
14-07-2022,Jul_22,W 29
17-07-2022,Jul_22,W 30
19-07-2022,Jul_22,W 30
20-07-2022,Jul_22,W 30
21-07-2022,Jul_22,W 30
23-07-2022,Jul_22,W 30
26-07-2022,Jul_22,W 31
28-07-2022,Jul_22,W 31
31-07-2022,Jul_22,W 32
03-08-2022,Aug_22,W 32
06-08-2022,Aug_22,W 32
08-08-2022,Aug_22,W 33
09-08-2022,Aug_22,W 33
12-08-2022,Aug_22,W 33
13-08-2022,Aug_22,W 33
14-08-2022,Aug_22,W 34
17-08-2022,Aug_22,W 34
19-08-2022,Aug_22,W 34
20-08-2022,Aug_22,W 34
23-08-2022,Aug_22,W 35
26-08-2022,Aug_22,W 35
27-08-2022,Aug_22,W 35
28-08-2022,Aug_22,W 36
29-08-2022,Aug_22,W 36
04-03-2022,Mar_22,W 10
08-03-2022,Mar_22,W 11
14-03-2022,Mar_22,W 12
15-03-2022,Mar_22,W 12
23-03-2022,Mar_22,W 13
29-03-2022,Mar_22,W 14
30-03-2022,Mar_22,W 14
02-04-2022,Apr_22,W 14
04-04-2022,Apr_22,W 15
07-04-2022,Apr_22,W 15
09-04-2022,Apr_22,W 15
22-04-2022,Apr_22,W 17
24-04-2022,Apr_22,W 18
28-04-2022,Apr_22,W 18
03-05-2022,May_22,W 19
05-05-2022,May_22,W 19
06-05-2022,May_22,W 19
07-05-2022,May_22,W 19
12-05-2022,May_22,W 20
14-05-2022,May_22,W 20
16-05-2022,May_22,W 21
23-05-2022,May_22,W 22
26-05-2022,May_22,W 22
06-06-2022,Jun_22,W 24
12-06-2022,Jun_22,W 25
15-06-2022,Jun_22,W 25
22-06-2022,Jun_22,W 26
28-06-2022,Jun_22,W 27
29-06-2022,Jun_22,W 27
15-07-2022,Jul_22,W 29
18-07-2022,Jul_22,W 30
22-07-2022,Jul_22,W 30
25-07-2022,Jul_22,W 31
29-07-2022,Jul_22,W 31
04-08-2022,Aug_22,W 32
10-08-2022,Aug_22,W 33
05-03-2022,Mar_22,W 10
16-03-2022,Mar_22,W 12
20-03-2022,Mar_22,W 13
24-03-2022,Mar_22,W 13
10-04-2022,Apr_22,W 16
16-04-2022,Apr_22,W 16
17-04-2022,Apr_22,W 17
19-04-2022,Apr_22,W 17
25-04-2022,Apr_22,W 18
01-05-2022,May_22,W 19
02-05-2022,May_22,W 19
10-05-2022,May_22,W 20
18-05-2022,May_22,W 21
24-05-2022,May_22,W 22
28-05-2022,May_22,W 22
29-05-2022,May_22,W 23
02-06-2022,Jun_22,W 23
14-06-2022,Jun_22,W 25
17-06-2022,Jun_22,W 25
21-06-2022,Jun_22,W 26
01-07-2022,Jul_22,W 27
05-07-2022,Jul_22,W 28
06-07-2022,Jul_22,W 28
10-07-2022,Jul_22,W 29
27-07-2022,Jul_22,W 31
30-07-2022,Jul_22,W 31
02-08-2022,Aug_22,W 32
07-08-2022,Aug_22,W 33
11-08-2022,Aug_22,W 33
22-08-2022,Aug_22,W 35
30-08-2022,Aug_22,W 36
03-03-2022,Mar_22,W 10
07-03-2022,Mar_22,W 11
12-03-2022,Mar_22,W 11
17-03-2022,Mar_22,W 12
25-03-2022,Mar_22,W 13
05-04-2022,Apr_22,W 15
13-04-2022,Apr_22,W 16
14-04-2022,Apr_22,W 16
18-04-2022,Apr_22,W 17
21-04-2022,Apr_22,W 17
29-04-2022,Apr_22,W 18
04-05-2022,May_22,W 19
15-05-2022,May_22,W 21
17-05-2022,May_22,W 21
22-05-2022,May_22,W 22
31-05-2022,May_22,W 23
09-06-2022,Jun_22,W 24
18-06-2022,Jun_22,W 25
23-06-2022,Jun_22,W 26
02-07-2022,Jul_22,W 27
04-07-2022,Jul_22,W 28
07-07-2022,Jul_22,W 28
24-07-2022,Jul_22,W 31
05-08-2022,Aug_22,W 32
18-08-2022,Aug_22,W 34
24-08-2022,Aug_22,W 35
25-08-2022,Aug_22,W 35
27-03-2022,Mar_22,W 14
08-05-2022,May_22,W 20
27-05-2022,May_22,W 22
10-06-2022,Jun_22,W 24
20-06-2022,Jun_22,W 26
26-04-2022,Apr_22,W 18
25-05-2022,May_22,W 22
12-07-2022,Jul_22,W 29
01-06-2022,Jun_22,W 23
07-06-2022,Jun_22,W 24
16-08-2022,Aug_22,W 34
21-08-2022,Aug_22,W 35
04-06-2022,Jun_22,W 23
15-08-2022,Aug_22,W 34
15-04-2022,Apr_22,W 16
20-04-2022,Apr_22,W 17
24-06-2022,Jun_22,W 26
16-07-2022,Jul_22,W 29
01-08-2022,Aug_22,W 32
